sample username,sample,Mr,Jack Jones,07700 900493,C/2.06,Dr S.M. Allen,0
sample username,sample,Mr,Brandon Cook,07700 900915,C/2.06,Dr C.L. Mumford,2
sample username,sample,Mr,Lee Williams,07700 900595,C/2.06,Dr P. Burnap,0
sample username,sample,Miss,Taylor Hodge,07700 900395,C/2.06,Professor C.B. Jones,1
sample username,sample,Miss,Emma White,07700 900721,C/2.06,Dr S.M. Allen,1
sample username,sample,Mr,Oliver Thomas,07700 900415,C/2.06,Dr I. Spasic,1
sample username,sample,Mr,Ben Davies,07700 900956,C/2.06,Dr J. Shao,2
sample username,sample,Mr,Braden Allen,07700 900667,C/2.06,Dr I. Spasic,0
sample username,sample,Mr,Russel Wood,07700 900423,C/2.06,Dr S.M. Allen,2
sample username,sample,Miss,Claire Miller,07700 900912,C/2.06,Dr I. Spasic,1
sample username,sample,Mr,Dan Howard,07700 900012,C/2.06,Dr J. Shao,0
sample username,sample,Mr,Craig Gray,07700 900060,C/2.06,Professor C.B. Jones,3
sample username,sample,Miss,Alicia Reid,07700 900747,C/2.06,Dr P. Burnap,0
sample username,sample,Mr,Alex Chapman,07700 900176,C/2.06,Dr S.M. Allen,3
sample username,sample,Mr,David Jones,07700 900953,C/2.06,Dr C.L. Mumford,2
